Kandahar,31 d 37`N,65 d 43`E,Afghanistan
Kabul,34 d 32`N,69 d 10`E,Afghanistan
Tirana,41 d 20`N,19 d 49`E,Albania
Tiaret,35 d 22`N,1 d 19`E,Algeria
Algiers,36 d 46`N,3 d 13`E,Algeria
Andorra la Vella,42 d 30`N,1 d 30`E,Andorra
Huambo,12 d 46`S,15 d 44`E,Angola
Luanda,8 d 50`S,13 d 14`E,Angola
St. John's,17 d 07`N,61 d 51`W,Antigua and Barbuda
Salta,24 d 47`S,65 d 25`W,Argentina
San Miguel de Tucumán,26 d 49`S,65 d 13`W,Argentina
Córdoba,31 d 25`S,64 d 11`W,Argentina
Mendoza,32 d 53`S,68 d 49`W,Argentina
Rosario,32 d 57`S,60 d 40`W,Argentina
Buenos Aires,34 d 36`S,58 d 23`W,Argentina
Bahía Blanca,38 d 43`S,62 d 16`W,Argentina
San Carlos de Bariloche,41 d 09`S,71 d 18`W,Argentina
Trelew,43 d 15`S,65 d 18`W,Argentina
Comodoro Rivadavia,45 d 52`S,67 d 29`W,Argentina
Río Gallegos,51 d 38`S,69 d 13`W,Argentina
Ushuaia,54 d 48`S,68 d 18`W,Argentina
Yerevan,40 d 11`N,44 d 31`E,Armenia
Darwin,12 d 27`S,130 d 50`E,Australia
Cairns,16 d 56`S,145 d 47`E,Australia
Townsville,19 d 15`S,146 d 49`E,Australia
Port Hedland,20 d 19`S,118 d 36`E,Australia
Rockhampton,23 d 23`S,150 d 31`E,Australia
Brisbane,27 d 28`S,153 d 02`E,Australia
Gold Coast,28 d 01`S,153 d 24`E,Australia
Kingston,29 d 04`S,167 d 58`E,Australia
Perth,31 d 57`S,115 d 52`E,Australia
Mandurah,32 d 32`S,115 d 43`E,Australia
Newcastle,32 d 55`S,151 d 45`E,Australia
Sydney,33 d 52`S,151 d 13`E,Australia
Wollongong,34 d 26`S,150 d 53`E,Australia
Adelaide,34 d 56`S,138 d 36`E,Australia
Canberra,35 d 18`S,149 d 07`E,Australia
Melbourne,37 d 49`S,144 d 58`E,Australia
Geelong,38 d 09`S,144 d 21`E,Australia
Hobart,42 d 53`S,147 d 20`E,Australia
Graz,47 d 04`N,15 d 26`E,Austria
Innsbruck,47 d 16`N,11 d 23`E,Austria
Salzburg,47 d 48`N,13 d 02`E,Austria
Vienna,48 d 13`N,16 d 22`E,Austria
Linz,48 d 18`N,14 d 17`E,Austria
Stepanakert,39 d 49`N,46 d 45`E,Azerbaijan
Baku,40 d 24`N,49 d 53`E,Azerbaijan
Nassau,25 d 04`N,77 d 20`W,Bahamas
Manama,26 d 13`N,50 d 35`E,Bahrain
Chittagong,22 d 22`N,91 d 48`E,Bangladesh
Dhaka,23 d 42`N,90 d 23`E,Bangladesh
Bridgetown,13 d 06`N,59 d 37`W,Barbados
Minsk,53 d 54`N,27 d 34`E,Belarus
Charleroi,50 d 24`N,4 d 26`E,Belgium
Brussels,50 d 51`N,4 d 21`E,Belgium
Ghent,51 d 03`N,3 d 44`E,Belgium
Antwerp,51 d 13`N,4 d 24`E,Belgium
Belmopan,17 d 15`N,88 d 46`W,Belize
Belize City,17 d 30`N,88 d 11`W,Belize
Cotonou,6 d 22`N,2 d 26`E,Benin
Porto-Novo,6 d 30`N,2 d 36`E,Benin
Thimphu,27 d 28`N,89 d 39`E,Bhutan
La Paz,16 d 30`S,68 d 09`W,Bolivia
Santa Cruz de la Sierra,17 d 48`S,63 d 10`W,Bolivia
Sucre,19 d 03`S,65 d 15`W,Bolivia
Sarajevo,43 d 51`N,18 d 21`E,Bosnia and Herzegovina
Francistown,21 d 10`S,27 d 31`E,Botswana
Gaborone,24 d 39`S,25 d 55`E,Botswana
Macapá,0 d 02`N,51 d 04`W,Brazil
Belém,1 d 27`S,48 d 30`W,Brazil
Palmas,10 d 11`S,48 d 20`W,Brazil
Aracaju,10 d 55`S,37 d 03`W,Brazil
Sinop,11 d 51`S,55 d 39`W,Brazil
Salvador,12 d 58`S,38 d 29`W,Brazil
Ilhéus,14 d 47`S,39 d 03`W,Brazil
Cuiabá,15 d 36`S,56 d 06`W,Brazil
Brasília,15 d 48`S,47 d 52`W,Brazil
Goiânia,16 d 40`S,49 d 15`W,Brazil
Governador Valadares,18 d 51`S,41 d 56`W,Brazil
Uberlândia,18 d 55`S,48 d 17`W,Brazil
Belo Horizonte,19 d 55`S,43 d 56`W,Brazil
São Luís,2 d 32`S,44 d 18`W,Brazil
Boa Vista,2 d 49`N,60 d 40`W,Brazil
Vitória,20 d 19`S,40 d 20`W,Brazil
Campo Grande,20 d 28`S,54 d 37`W,Brazil
São José do Rio Preto,20 d 48`S,49 d 23`W,Brazil
Ribeirão Preto,21 d 11`S,47 d 48`W,Brazil
Juiz de Fora,21 d 46`S,43 d 21`W,Brazil
Poços de Caldas,21 d 47`S,46 d 34`W,Brazil
Araraquara,21 d 48`S,48 d 11`W,Brazil
Bauru,22 d 19`S,49 d 04`W,Brazil
Assis,22 d 40`S,50 d 25`W,Brazil
Campinas,22 d 54`S,47 d 03`W,Brazil
Rio de Janeiro,22 d 55`S,43 d 12`W,Brazil
São José dos Campos,23 d 11`S,45 d 53`W,Brazil
São Paulo,23 d 33`S,46 d 38`W,Brazil
Curitiba,25 d 25`S,49 d 15`W,Brazil
Florianópolis,27 d 50`S,48 d 25`W,Brazil
Manaus,3 d 06`S,60 d 01`W,Brazil
Sobral,3 d 40`S,40 d 14`W,Brazil
Fortaleza,3 d 43`S,38 d 33`W,Brazil
Fernando de Noronha,3 d 51`S,32 d 25`W,Brazil
Porto Alegre,30 d 02`S,51 d 14`W,Brazil
Pelotas,31 d 46`S,52 d 21`W,Brazil
Chuí,33 d 41`S,53 d 27`W,Brazil
Teresina,5 d 06`S,42 d 48`W,Brazil
Imperatriz,5 d 32`S,47 d 29`W,Brazil
Natal,5 d 47`S,35 d 12`W,Brazil
João Pessoa,7 d 05`S,34 d 50`W,Brazil
Juazeiro do Norte,7 d 12`S,39 d 20`W,Brazil
Campina Grande,7 d 14`S,35 d 53`W,Brazil
Recife,8 d 03`S,34 d 54`W,Brazil
Caruaru,8 d 17`S,35 d 59`W,Brazil
Porto Velho,8 d 46`S,63 d 54`W,Brazil
Garanhuns,8 d 53`S,36 d 30`W,Brazil
Petrolina,9 d 24`S,40 d 30`W,Brazil
Maceió,9 d 40`S,35 d 44`W,Brazil
Rio Branco,9 d 58`S,67 d 49`W,Brazil
Bandar Seri Begawan,4 d 53`N,114 d 57`E,Brunei
Sofia,42 d 42`N,23 d 20`E,Bulgaria
Bobo-Dioulasso,11 d 11`N,4 d 17`W,Burkina Faso
Ouagadougou,12 d 21`N,1 d 32`W,Burkina Faso
Bujumbura,3 d 23`S,29 d 22`E,Burundi
Phnom Penh,11 d 33`N,104 d 55`E,Cambodia
Siem Reap,13 d 22`N,103 d 52`E,Cambodia
Yaoundé,3 d 52`N,11 d 31`E,Cameroon
Douala,4 d 03`N,9 d 42`E,Cameroon
Windsor,42 d 17`N,83 d 00`W,Canada
Toronto,43 d 42`N,79 d 24`W,Canada
Yarmouth,43 d 50`N,66 d 07`W,Canada
Halifax,44 d 51`N,63 d 12`W,Canada
Saint John,45 d 17`N,66 d 05`W,Canada
Ottawa,45 d 25`N,75 d 41`W,Canada
Montreal,45 d 30`N,73 d 34`W,Canada
Fredericton,45 d 57`N,66 d 40`W,Canada
Moncton,46 d 08`N,64 d 46`W,Canada
Charlottetown,46 d 14`N,63 d 09`W,Canada
North Bay,46 d 18`N,79 d 27`W,Canada
Sudbury,46 d 29`N,81 d 01`W,Canada
Sault Ste. Marie,46 d 32`N,84 d 21`W,Canada
Quebec City,46 d 49`N,71 d 13`W,Canada
St. John's,47 d 34`N,52 d 42`W,Canada
Thunder Bay,48 d 23`N,89 d 15`W,Canada
Victoria,48 d 26`N,123 d 22`W,Canada
Vancouver,49 d 15`N,123 d 06`W,Canada
Kelowna,49 d 53`N,119 d 30`W,Canada
Winnipeg,49 d 54`N,97 d 08`W,Canada
Regina,50 d 27`N,104 d 36`W,Canada
Kamloops,50 d 41`N,120 d 20`W,Canada
Calgary,51 d 03`N,114 d 04`W,Canada
Saskatoon,52 d 08`N,106 d 41`W,Canada
Edmonton,53 d 32`N,113 d 30`W,Canada
Grande Prairie,55 d 10`N,118 d 48`W,Canada
Fort McMurray,56 d 44`N,111 d 23`W,Canada
Whitehorse,60 d 43`N,135 d 03`W,Canada
Yellowknife,62 d 27`N,114 d 24`W,Canada
Iqaluit,63 d 45`N,68 d 31`W,Canada
Tuktoyaktuk,69 d 27`N,133 d 02`W,Canada
Grise Fiord,76 d 25`N,82 d 54`W,Canada
Eureka,79 d 59`N,85 d 56`W,Canada
Alert,82 d 30`N,62 d 20`W,Canada
Praia,14 d 55`N,23 d 31`W,Cape Verde
Bangui,4 d 22`N,18 d 35`E,Central African Republic
N'Djamena,12 d 07`N,15 d 03`E,Chad
Moundou,8 d 34`N,16 d 05`E,Chad
Arica,18 d 29`S,70 d 20`W,Chile
Iquique,20 d 13`S,70 d 09`W,Chile
Calama,22 d 28`S,68 d 56`W,Chile
Antofagasta,23 d 39`S,70 d 24`W,Chile
Hanga Roa,27 d 09`S,109 d 26`W,Chile
Copiapó,27 d 22`S,70 d 20`W,Chile
La Serena,29 d 54`S,71 d 15`W,Chile
Valparaíso,33 d 03`S,71 d 37`W,Chile
Santiago,33 d 27`S,70 d 40`W,Chile
Concepción,36 d 50`S,73 d 03`W,Chile
Temuco,38 d 45`S,72 d 40`W,Chile
Valdivia,39 d 49`S,73 d 15`W,Chile
Puerto Montt,41 d 28`S,72 d 56`W,Chile
Puerto Aisén,45 d 24`S,72 d 41`W,Chile
Coihaique,45 d 34`S,72 d 04`W,Chile
Punta Arenas,53 d 10`S,70 d 56`W,Chile
Puerto Williams,54 d 56`S,67 d 37`W,Chile
Puerto Toro,55 d 05`S,67 d 05`W,Chile
Cartagena,10 d 24`N,75 d 30`W,Colombia
Barranquilla,10 d 58`N,74 d 48`W,Colombia
Santiago de Cali,3 d 25`N,76 d 31`W,Colombia
Bogotá,4 d 36`N,74 d 05`W,Colombia
Medellín,6 d 14`N,75 d 35`W,Colombia
Cúcuta,7 d 54`N,72 d 30`W,Colombia
Moroni,11 d 45`S,43 d 12`E,Comoros
Alajuela,10 d 01`N,84 d 13`W,Costa Rica
Liberia,10 d 38`N,85 d 26`W,Costa Rica
San José,9 d 56`N,84 d 05`W,Costa Rica
Puntarenas,9 d 58`N,84 d 50`W,Costa Rica
Limón,9 d 59`N,83 d 02`W,Costa Rica
Split,43 d 30`N,16 d 26`E,Croatia
Zagreb,45 d 49`N,15 d 59`E,Croatia
Santiago de Cuba,20 d 01`N,75 d 49`W,Cuba
Havana,23 d 08`N,82 d 23`W,Cuba
Nicosia,35 d 10`N,33 d 22`E,Cyprus
Prague,50 d 05`N,14 d 25`E,Czech Republic
Lubumbashi,11 d 40`S,27 d 28`E,Democratic Republic of the Congo
Kinshasa,4 d 20`S,15 d 19`E,Democratic Republic of the Congo
Odense,55 d 24`N,10 d 23`E,Denmark
Esbjerg,55 d 29`N,8 d 27`E,Denmark
Copenhagen,55 d 41`N,12 d 34`E,Denmark
Aarhus,56 d 09`N,10 d 13`E,Denmark
Qaqortoq,60 d 43`N,46 d 02`W,Denmark
Tórshavn,62 d 01`N,6 d 46`W,Denmark
Nuuk (Godthåb),64 d 11`N,51 d 44`W,Denmark
Qaanaaq,7 d 28`N,69 d 14`W,Denmark
Upernavik,72 d 47`N,56 d 09`W,Denmark
Nord,81 d 36`N,16 d 40`W,Denmark
Djibouti,11 d 35`N,43 d 09`E,Djibouti
Roseau,15 d 18`N,61 d 23`W,Dominica
Santo Domingo,18 d 28`N,69 d 57`W,Dominican Republic
Quito,0 d 15`S,78 d 35`W,Ecuador
Guayaquil,2 d 11`S,79 d 53`W,Ecuador
Luxor,25 d 41`N,32 d 39`E,Egypt
Suez,29 d 58`N,32 d 33`E,Egypt
Cairo,30 d 03`N,31 d 14`E,Egypt
Alexandria,31 d 12`N,29 d 55`E,Egypt
Port Said,31 d 15`N,32 d 17`E,Egypt
San Salvador,13 d 41`N,89 d 11`W,El Salvador
Malabo,3 d 45`N,8 d 47`E,Equatorial Guinea
Asmara,15 d 20`N,38 d 56`E,Eritrea
Tartu,58 d 23`N,26 d 43`E,Estonia
Tallinn,59 d 26`N,24 d 45`E,Estonia
Addis Ababa,9 d 02`N,38 d 44`E,Ethiopia
Palikir,6 d 55`N,158 d 10`E,Federated States of Micronesia
Weno,7 d 27`N,151 d 51`E,Federated States of Micronesia
Labasa,16 d 26`S,179 d 22`E,Fiji
Rabi Island,16 d 30`S,180 d 00`W,Fiji
Suva,18 d 08`S,178 d 27`E,Fiji
Helsinki,60 d 10`N,24 d 56`E,Finland
Espoo,60 d 12`N,24 d 39`E,Finland
Vantaa,60 d 18`N,25 d 02`E,Finland
Turku,60 d 27`N,22 d 16`E,Finland
Lahti,60 d 59`N,25 d 39`E,Finland
Tampere,61 d 30`N,23 d 46`E,Finland
Jyväskylä,62 d 15`N,25 d 45`E,Finland
Kuopio,62 d 54`N,27 d 41`E,Finland
Vaasa,63 d 06`N,21 d 37`E,Finland
Oulu,65 d 01`N,25 d 28`E,Finland
Pudasjärvi,65 d 22`N,27 d 00`E,Finland
Kemi,65 d 44`N,24 d 34`E,Finland
Tornio,65 d 51`N,24 d 09`E,Finland
Kuusamo,65 d 58`N,29 d 11`E,Finland
Rovaniemi,66 d 30`N,25 d 44`E,Finland
Kemijärvi,66 d 43`N,27 d 26`E,Finland
Utsjoki,69 d 54`N,27 d 01`E,Finland
Nuorgam,70 d 05`N,27 d 53`E,Finland
Mamoudzou,12 d 47`S,45 d 14`E,France
Mata-Utu,13 d 17`S,176 d 11`W,France
Fort-de-France,14 d 36`N,61 d 05`W,France
Basse-Terre,16 d 00`N,61 d 44`W,France
Papeete,17 d 32`S,149 d 34`W,France
Saint-Denis,20 d 53`S,55 d 27`E,France
Nouméa,22 d 17`S,166 d 27`E,France
Cayenne,4 d 55`N,52 d 20`W,France
Marseille,43 d 18`N,5 d 22`E,France
Cannes,43 d 33`N,7 d 01`E,France
Toulouse,43 d 36`N,1 d 27`E,France
Nice,43 d 42`N,7 d 16`E,France
Bordeaux,44 d 50`N,0 d 35`W,France
Lyon,45 d 46`N,4 d 51`E,France
Saint-Pierre,46 d 47`N,56 d 11`W,France
Nantes,47 d 13`N,1 d 33`W,France
Orléans,47 d 54`N,1 d 55`E,France
Brest,48 d 23`N,4 d 29`W,France
Strasbourg,48 d 35`N,7 d 45`E,France
Paris,48 d 51`N,2 d 21`E,France
Rouen,49 d 26`N,1 d 06`E,France
Le Havre,49 d 29`N,0 d 06`E,France
Calais,50 d 57`N,1 d 51`E,France
Libreville,0 d 23`N,9 d 27`E,Gabon
Brikama,13 d 16`N,16 d 39`W,Gambia
Serekunda,13 d 26`N,16 d 40`W,Gambia
Banjul,13 d 27`N,16 d 35`W,Gambia
Tbilisi,41 d 43`N,44 d 47`E,Georgia
Tskhinvali,42 d 14`N,43 d 58`E,Georgia
Sukhumi,43 d 00`N,41 d 01`E,Georgia
Munich,48 d 08`N,11 d 34`E,Germany
Stuttgart,48 d 47`N,9 d 11`E,Germany
Frankfurt am Main,50 d 07`N,8 d 41`E,Germany
Cologne,50 d 56`N,6 d 58`E,Germany
Dresden,51 d 02`N,13 d 44`E,Germany
Düsseldorf,51 d 14`N,6 d 47`E,Germany
Leipzig,51 d 20`N,12 d 23`E,Germany
Hannover,52 d 22`N,9 d 43`E,Germany
Berlin,52 d 31`N,13 d 23`E,Germany
Bremen,53 d 05`N,8 d 48`E,Germany
Hamburg,53 d 34`N,10 d 00`E,Germany
Kiel,54 d 20`N,10 d 08`E,Germany
Sekondi-Takoradi,4 d 55`N,1 d 46`W,Ghana
Accra,5 d 33`N,0 d 12`W,Ghana
Kumasi,6 d 40`N,1 d 37`W,Ghana
Tamale,9 d 24`N,0 d 51`W,Ghana
Heraklion,35 d 20`N,25 d 08`E,Greece
Athena,37 d 58`N,23 d 43`E,Greece
Halkida,38 d 28`N,23 d 36`E,Greece
Thessaloniki,40 d 39`N,22 d 54`E,Greece
St. George's,12 d 03`N,61 d 45`W,Grenada
Guatemala City,14 d 37`N,90 d 32`W,Guatemala
Quetzaltenango,14 d 50`N,91 d 31`W,Guatemala
Nzérékoré,7 d 45`N,8 d 49`W,Guinea
Conakry,9 d 31`N,13 d 43`W,Guinea
Bissau,11 d 51`N,15 d 34`W,Guinea-Bissau
Georgetown,6 d 48`N,58 d 10`W,Guyana
Port-au-Prince,18 d 32`N,72 d 20`W,Haiti
Tegucigalpa,14 d 06`N,87 d 13`W,Honduras
Budapest,47 d 28`N,19 d 03`E,Hungary
Reykjavík,64 d 08`N,21 d 56`W,Iceland
Akureyri,65 d 41`N,18 d 06`W,Iceland
Ísafjörður,66 d 05`N,23 d 08`W,Iceland
Port Blair,11 d 40`N,92 d 46`E,India
Bangalore,12 d 58`N,77 d 34`E,India
Chennai (Madras),13 d 05`N,80 d 16`E,India
Hyderabad,17 d 22`N,78 d 29`E,India
Visakhapatnam,17 d 41`N,83 d 13`E,India
Pune,18 d 31`N,73 d 51`E,India
Mumbai (Bombay),18 d 59`N,72 d 50`E,India
Nagpur,21 d 08`N,79 d 05`E,India
Surat,21 d 10`N,72 d 50`E,India
Kolkata (Calcutta),22 d 34`N,88 d 22`E,India
Ahmedabad,23 d 02`N,72 d 35`E,India
Agartala,23 d 50`N,91 d 16`E,India
Kulpahar,25 d 19`N,79 d 38`E,India
Shillong,25 d 34`N,91 d 53`E,India
Patna,25 d 37`N,85 d 09`E,India
Guwahati,26 d 11`N,91 d 44`E,India
Kanpur,26 d 28`N,80 d 20`E,India
Tezpur,26 d 38`N,92 d 48`E,India
Siliguri,26 d 43`N,88 d 26`E,India
Lucknow,26 d 51`N,80 d 57`E,India
Jaipur,26 d 56`N,75 d 49`E,India
Agra,27 d 11`N,78 d 01`E,India
Gangtok,27 d 20`N,88 d 37`E,India
Dibrugarh,27 d 29`N,95 d 00`E,India
New Delhi,28 d 37`N,77 d 13`E,India
Chandigarh,30 d 45`N,76 d 47`E,India
Ludhiana,30 d 55`N,75 d 51`E,India
Shimla,31 d 06`N,77 d 10`E,India
Amritsar,31 d 38`N,74 d 52`E,India
Srinagar,34 d 05`N,74 d 47`E,India
Trivandrum,8 d 29`N,76 d 57`E,India
Kochi,9 d 58`N,76 d 17`E,India
Pontianak,0 d 01`S,109 d 20`E,Indonesia
Pekanbaru,0 d 32`N,101 d 27`E,Indonesia
Padang,0 d 57`S,100 d 21`E,Indonesia
Balikpapan,1 d 16`S,116 d 50`E,Indonesia
Jayapura,2 d 32`S,140 d 43`E,Indonesia
Palembang,2 d 59`S,104 d 45`E,Indonesia
Medan,3 d 35`N,98 d 40`E,Indonesia
Ambon,3 d 42`S,128 d 10`E,Indonesia
Makassar,5 d 08`S,119 d 25`E,Indonesia
Banda Aceh,5 d 33`N,95 d 19`E,Indonesia
Jakarta,6 d 12`S,106 d 48`E,Indonesia
Bogor,6 d 36`S,106 d 48`E,Indonesia
Bandung,6 d 55`S,107 d 37`E,Indonesia
Semarang,6 d 58`S,110 d 25`E,Indonesia
Surabaya,7 d 16`S,112 d 45`E,Indonesia
Yogyakarta,7 d 48`S,110 d 22`E,Indonesia
Malang,7 d 59`S,112 d 37`E,Indonesia
Denpasar,8 d 39`S,115 d 13`E,Indonesia
Isfahan,32 d 38`N,51 d 39`E,Iran
Tehran,35 d 42`N,51 d 25`E,Iran
Mashhad,36 d 18`N,59 d 36`E,Iran
Tabriz,38 d 04`N,46 d 18`E,Iran
Basra,30 d 30`N,47 d 49`E,Iraq
Baghdad,33 d 20`N,44 d 26`E,Iraq
Kirkuk,35 d 28`N,44 d 19`E,Iraq
Erbil,36 d 11`N,44 d 01`E,Iraq
Mosul,36 d 20`N,43 d 08`E,Iraq
Cork,51 d 54`N,8 d 28`W,Ireland
Dublin,53 d 21`N,6 d 16`W,Ireland
Eilat,29 d 33`N,34 d 57`E,Israel
Jerusalem,31 d 47`N,35 d 13`E,Israel
Tel Aviv,32 d 04`N,34 d 47`E,Israel
Catania,37 d 30`N,15 d 05`E,Italy
Palermo,38 d 07`N,13 d 22`E,Italy
Messina,38 d 11`N,15 d 33`E,Italy
Cagliari,39 d 15`N,9 d 03`E,Italy
Naples,40 d 51`N,14 d 16`E,Italy
Rome,41 d 54`N,12 d 30`E,Italy
Florence,43 d 47`N,11 d 15`E,Italy
Bologna,44 d 30`N,11 d 21`E,Italy
Turin,45 d 04`N,7 d 42`E,Italy
Venice,45 d 26`N,12 d 20`E,Italy
Milan,45 d 28`N,9 d 11`E,Italy
Abidjan,5 d 19`N,4 d 02`W,Ivory Coast
Yamoussoukro,6 d 49`N,5 d 17`W,Ivory Coast
Kingston,17 d 59`N,76 d 48`W,Jamaica
Naha,26 d 13`N,127 d 41`E,Japan
Fukuoka,33 d 35`N,130 d 24`E,Japan
Hiroshima,34 d 23`N,132 d 27`E,Japan
Kōbe,34 d 41`N,135 d 12`E,Japan
Osaka,34 d 42`N,135 d 30`E,Japan
Kyoto,35 d 01`N,135 d 46`E,Japan
Nagoya,35 d 11`N,136 d 54`E,Japan
Yokohama,35 d 27`N,139 d 38`E,Japan
Kawasaki,35 d 31`N,139 d 42`E,Japan
Tokyo,35 d 41`N,139 d 42`E,Japan
Sendai,38 d 16`N,140 d 52`E,Japan
Sapporo,43 d 04`N,141 d 21`E,Japan
Nemuro,43 d 20`N,145 d 35`E,Japan
Amman,31 d 56`N,35 d 56`E,Jordan
Almaty,43 d 17`N,76 d 54`E,Kazakhstan
Astana,51 d 10`N,71 d 26`E,Kazakhstan
Nairobi,1 d 17`S,36 d 49`E,Kenya
Mombasa,4 d 03`S,39 d 40`E,Kenya
South Tarawa,1 d 26`N,173 d 00`E,Kiribati
Kuwait City,29 d 22`N,47 d 59`E,Kuwait
Bishkek,42 d 52`N,74 d 37`E,Kyrgyzstan
Vientiane,17 d 58`N,102 d 36`E,Laos
Riga,56 d 57`N,24 d 06`E,Latvia
Beirut,33 d 53`N,35 d 31`E,Lebanon
Maseru,29 d 19`S,27 d 29`E,Lesotho
Monrovia,6 d 19`N,10 d 48`W,Liberia
Sabha,27 d 02`N,14 d 26`E,Libya
Benghazi,32 d 07`N,20 d 04`E,Libya
Tripoli,32 d 54`N,13 d 11`E,Libya
Vaduz,47 d 08`N,9 d 31`E,Liechtenstein
Vilnius,54 d 41`N,25 d 17`E,Lithuania
Luxembourg,49 d 37`N,6 d 07`E,Luxembourg
Skopje,42 d 00`N,21 d 26`E,Macedonia
Antananarivo,18 d 56`S,47 d 31`E,Madagascar
Lilongwe,13 d 59`S,33 d 47`E,Malawi
Blantyre,15 d 47`S,35 d 00`E,Malawi
Johor Bahru,1 d 29`N,103 d 44`E,Malaysia
Kuching,1 d 34`N,110 d 21`E,Malaysia
Malacca Town,2 d 12`N,102 d 15`E,Malaysia
Kuala Lumpur,3 d 09`N,101 d 42`E,Malaysia
Miri,4 d 24`N,114 d 00`E,Malaysia
Ipoh,4 d 36`N,101 d 04`E,Malaysia
George Town,5 d 25`N,100 d 19`E,Malaysia
Kota Kinabalu,5 d 58`N,116 d 06`E,Malaysia
Alor Setar,6 d 07`N,100 d 22`E,Malaysia
Kota Bharu,6 d 08`N,102 d 15`E,Malaysia
Malé,4 d 11`N,73 d 31`E,Maldives
Bamako,12 d 39`N,8 d 00`W,Mali
Koulikoro,12 d 52`N,7 d 34`W,Mali
Timbuktu,16 d 47`N,3 d 01`W,Mali
Birkirkara,35 d 54`N,14 d 28`E,Malta
Valletta,35 d 54`N,14 d 31`E,Malta
Majuro,7 d 04`N,171 d 16`E,Marshall Islands
Nouakchott,18 d 06`N,15 d 57`W,Mauritania
Port Louis,20 d 10`S,57 d 30`E,Mauritius
Tapachula,14 d 54`N,92 d 16`W,Mexico
Acapulco,16 d 52`N,99 d 53`W,Mexico
Puebla,19 d 03`N,98 d 13`W,Mexico
Veracruz,19 d 11`N,96 d 09`W,Mexico
Mexico City,19 d 26`N,99 d 08`W,Mexico
Querétaro,20 d 35`N,100 d 24`W,Mexico
Guadalajara,20 d 40`N,103 d 21`W,Mexico
Puerto Vallarta,20 d 40`N,105 d 16`W,Mexico
Zapopan,20 d 43`N,103 d 24`W,Mexico
Mérida,20 d 58`N,89 d 37`W,Mexico
León,21 d 07`N,101 d 41`W,Mexico
Cancún,21 d 10`N,86 d 51`W,Mexico
Aguascalientes,21 d 53`N,102 d 18`W,Mexico
San Luis Potosí,22 d 09`N,100 d 51`W,Mexico
Tampico,22 d 15`N,97 d 52`W,Mexico
Cabo San Lucas,22 d 53`N,109 d 55`W,Mexico
Durango,24 d 01`N,104 d 40`W,Mexico
Culiacán,24 d 48`N,107 d 23`W,Mexico
Torreón,25 d 32`N,103 d 27`W,Mexico
Monterrey,25 d 40`N,100 d 18`W,Mexico
Chihuahua,28 d 38`N,106 d 05`W,Mexico
Hermosillo,29 d 06`N,110 d 57`W,Mexico
Ciudad Juárez,31 d 44`N,106 d 29`W,Mexico
Ensenada,31 d 51`N,116 d 36`W,Mexico
Tijuana,32 d 32`N,117 d 02`W,Mexico
Mexicali,32 d 40`N,115 d 28`W,Mexico
Tiraspol,46 d 51`N,29 d 38`E,Moldova
Chişinău,47 d 00`N,28 d 55`E,Moldova
Monaco,43 d 44`N,7 d 25`E,Monaco
Ulaanbaatar,47 d 55`N,106 d 55`E,Mongolia
Podgorica,42 d 26`N,19 d 16`E,Montenegro
El Aaiún,27 d 09`N,13 d 12`W,Morocco
Marrakech,31 d 38`N,8 d 01`W,Morocco
Casablanca,33 d 32`N,7 d 35`W,Morocco
Rabat,34 d 02`N,6 d 50`W,Morocco
Maputo,25 d 58`S,32 d 35`E,Mozambique
Yangon,16 d 48`N,96 d 09`E,Myanmar
Naypyidaw,19 d 45`N,96 d 06`E,Myanmar
Windhoek,22 d 34`S,17 d 05`E,Namibia
Yaren District,0 d 33`S,166 d 55`E,Nauru
Kathmandu,27 d 42`N,85 d 20`E,Nepal
Willemstad,12 d 07`N,68 d 56`W,Netherlands
Oranjestad,12 d 31`N,70 d 02`W,Netherlands
Maastricht,50 d 51`N,5 d 41`E,Netherlands
Rotterdam,51 d 56`N,4 d 29`E,Netherlands
The Hague,52 d 05`N,4 d 19`E,Netherlands
Utrecht,52 d 06`N,5 d 07`E,Netherlands
Leiden,52 d 10`N,4 d 29`E,Netherlands
Enschede,52 d 13`N,6 d 54`E,Netherlands
Amsterdam,52 d 22`N,4 d 54`E,Netherlands
Haarlem,52 d 23`N,4 d 38`E,Netherlands
Groningen,53 d 13`N,6 d 33`E,Netherlands
Alofi,19 d 03`S,169 d 55`W,New Zealand
Avarua,21 d 12`S,159 d 46`W,New Zealand
Auckland,36 d 50`S,174 d 44`E,New Zealand
Hamilton,37 d 47`S,175 d 17`E,New Zealand
Hastings,39 d 39`S,176 d 50`E,New Zealand
Nelson,41 d 16`S,173 d 17`E,New Zealand
Wellington,41 d 17`S,174 d 47`E,New Zealand
Christchurch,43 d 32`S,172 d 37`E,New Zealand
Dunedin,45 d 52`S,170 d 30`E,New Zealand
Invercargill,46 d 25`S,168 d 21`E,New Zealand
Managua,12 d 08`N,86 d 15`W,Nicaragua
Chinandega,12 d 37`N,87 d 09`W,Nicaragua
Niamey,13 d 31`N,2 d 06`E,Niger
Kano,12 d 00`N,8 d 31`E,Nigeria
Port Harcourt,4 d 45`N,7 d 00`E,Nigeria
Benin City,6 d 19`N,5 d 36`E,Nigeria
Enugu,6 d 27`N,7 d 31`E,Nigeria
Lagos,6 d 27`N,3 d 24`E,Nigeria
Ibadan,7 d 24`N,3 d 55`E,Nigeria
Abuja,9 d 04`N,7 d 29`E,Nigeria
Kaesong,37 d 58`N,126 d 33`E,North Korea
Pyongyang,39 d 01`N,125 d 44`E,North Korea
Wonsan,39 d 09`N,127 d 27`E,North Korea
Chongjin,41 d 48`N,129 d 47`E,North Korea
Kristiansand,58 d 10`N,8 d 00`E,Norway
Sarpsborg,59 d 17`N,11 d 12`E,Norway
Oslo,59 d 57`N,10 d 45`E,Norway
Bergen,60 d 23`N,5 d 20`E,Norway
Lillehammer,61 d 08`N,10 d 26`E,Norway
Trondheim,63 d 26`N,10 d 24`E,Norway
Stjørdal,63 d 29`N,11 d 10`E,Norway
Bodø,67 d 18`N,14 d 33`E,Norway
Narvik,68 d 25`N,17 d 34`E,Norway
Tromsø,69 d 41`N,18 d 57`E,Norway
Vadsø,70 d 05`N,29 d 44`E,Norway
Hammerfest,70 d 40`N,23 d 41`E,Norway
Longyearbyen,78 d 13`N,15 d 39`E,Norway
Ny-Ålesund,78 d 55`N,11 d 56`E,Norway
Salalah,17 d 01`N,54 d 05`E,Oman
Muscat,23 d 37`N,58 d 36`E,Oman
Karachi,24 d 52`N,67 d 01`E,Pakistan
Hyderabad,25 d 23`N,68 d 22`E,Pakistan
Multan,30 d 12`N,71 d 28`E,Pakistan
Faisalabad,31 d 25`N,73 d 05`E,Pakistan
Lahore,31 d 33`N,74 d 21`E,Pakistan
Rawalpindi,33 d 36`N,73 d 02`E,Pakistan
Islamabad,33 d 43`N,73 d 04`E,Pakistan
Peshawar,34 d 01`N,71 d 35`E,Pakistan
Koror City,7 d 22`N,134 d 29`E,Palau
Melekeok,7 d 29`N,134 d 36`E,Palau
Ngerulmud,7 d 30'2`N,134 d 36'2`E,Palau
Gaza,31 d 31`N,34 d 27`E,Palestine
Panama City,8 d 59`N,79 d 31`W,Panama
Port Moresby,9 d 31`S,147 d 13`E,Papua New Guinea
Asunción,25 d 17`S,57 d 38`W,Paraguay
Ciudad del Este,25 d 31`S,54 d 37`W,Paraguay
Macau,22 d 10`N,113 d 33`E,People's Republic of China
Hong Kong,22 d 17`N,114 d 10`E,People's Republic of China
Shenzhen,22 d 33`N,114 d 06`E,People's Republic of China
Nanning,22 d 49`N,108 d 19`E,People's Republic of China
Dongguan,23 d 02`N,113 d 43`E,People's Republic of China
Guangzhou,23 d 08`N,113 d 16`E,People's Republic of China
Kunming,25 d 04`N,102 d 41`E,People's Republic of China
Shigatse,29 d 16`N,88 d 53`E,People's Republic of China
Chongqing,29 d 34`N,106 d 34`E,People's Republic of China
Lhasa,29 d 39`N,91 d 06`E,People's Republic of China
Hangzhou,30 d 15`N,120 d 10`E,People's Republic of China
Wuhan,30 d 35`N,114 d 17`E,People's Republic of China
Chengdu,30 d 40`N,104 d 04`E,People's Republic of China
Shanghai,31 d 12`N,121 d 30`E,People's Republic of China
Nanjing,32 d 03`N,118 d 46`E,People's Republic of China
Xi'an,34 d 16`N,108 d 54`E,People's Republic of China
Zhengzhou,34 d 46`N,113 d 39`E,People's Republic of China
Lanzhou,36 d 02`N,103 d 48`E,People's Republic of China
Qingdao,36 d 04`N,120 d 23`E,People's Republic of China
Handan,36 d 36`N,114 d 29`E,People's Republic of China
Xining,36 d 38`N,101 d 46`E,People's Republic of China
Jinan,36 d 40`N,116 d 59`E,People's Republic of China
Taiyuan,37 d 52`N,112 d 34`E,People's Republic of China
Shijiazhuang,38 d 03`N,114 d 30`E,People's Republic of China
Dalian,38 d 55`N,121 d 38`E,People's Republic of China
Tianjin,39 d 08`N,117 d 11`E,People's Republic of China
Beijing,39 d 55`N,116 d 23`E,People's Republic of China
Shenyang,41 d 48`N,123 d 24`E,People's Republic of China
Ürümqi,43 d 50`N,87 d 36`E,People's Republic of China
Changchun,43 d 54`N,125 d 12`E,People's Republic of China
Harbin,45 d 45`N,126 d 38`E,People's Republic of China
Lima,12 d 03`S,77 d 02`W,Peru
Ayacucho,13 d 10`S,74 d 13`W,Peru
Cusco,13 d 32`S,71 d 58`W,Peru
Arequipa,16 d 24`S,71 d 32`W,Peru
Iquitos,3 d 44`S,73 d 15`W,Peru
Trujillo,8 d 07`S,79 d 02`W,Peru
Cebu City,10 d 17`N,123 d 54`E,Philippines
Iloilo City,10 d 43`N,122 d 34`E,Philippines
Makati,14 d 33`N,121 d 02`E,Philippines
Manila,14 d 35`N,120 d 58`E,Philippines
Quezon City,14 d 38`N,121 d 02`E,Philippines
Zamboanga City,6 d 54`N,122 d 04`E,Philippines
Davao City,7 d 04`N,125 d 36`E,Philippines
Tagbilaran,9 d 39`N,123 d 51`E,Philippines
Kraków,50 d 04`N,19 d 56`E,Poland
Warsaw,52 d 14`N,21 d 01`E,Poland
Gdańsk,54 d 22`N,18 d 38`E,Poland
Gdynia,54 d 30`N,18 d 33`E,Poland
Funchal,32 d 39`N,16 d 55`W,Portugal
Ponta Delgada,37 d 49`N,25 d 45`W,Portugal
Angra do Heroísmo,38 d 29`N,27 d 13`W,Portugal
Horta,38 d 35`N,28 d 43`W,Portugal
Lisbon,38 d 43`N,9 d 08`W,Portugal
Flores Island,39 d 28`N,31 d 14`W,Portugal
Porto,41 d 10`N,8 d 37`W,Portugal
Doha,25 d 17`N,51 d 32`E,Qatar
Kaohsiung,22 d 38`N,120 d 16`E,Republic of China (Taiwan)
Tainan,22 d 59`N,120 d 11`E,Republic of China (Taiwan)
Taichung,24 d 09`N,120 d 40`E,Republic of China (Taiwan)
Taipei,25 d 02`N,121 d 38`E,Republic of China (Taiwan)
Brazzaville,4 d 16`S,15 d 18`E,Republic of the Congo
Craiova,44 d 20`N,23 d 49`E,Romania
Bucharest,44 d 26`N,26 d 06`E,Romania
Cluj-Napoca,46 d 46`N,23 d 35`E,Romania
Vladivostok,43 d 08`N,131 d 54`E,Russia
Sochi,43 d 35`N,39 d 43`E,Russia
Simferopol,44 d 57`N,34 d 06`E,Russia
Krasnodar,45 d 02`N,38 d 58`E,Russia
Rostov-on-Don,47 d 14`N,39 d 42`E,Russia
Volgograd,48 d 42`N,44 d 31`E,Russia
Saratov,51 d 32`N,46 d 01`E,Russia
Voronezh,51 d 40`N,39 d 13`E,Russia
Irkutsk,52 d 19`N,104 d 18`E,Russia
Petropavlovsk-Kamchatsky,53 d 01`N,158 d 39`E,Russia
Samara,53 d 12`N,50 d 08`E,Russia
Tolyatti,53 d 31`N,49 d 25`E,Russia
Kaliningrad,54 d 43`N,20 d 31`E,Russia
Ufa,54 d 45`N,55 d 58`E,Russia
Omsk,54 d 59`N,73 d 22`E,Russia
Novosibirsk,55 d 01`N,82 d 56`E,Russia
Chelyabinsk,55 d 09`N,61 d 23`E,Russia
Moscow,55 d 45`N,37 d 37`E,Russia
Kazan,55 d 47`N,49 d 08`E,Russia
Krasnoyarsk,56 d 01`N,93 d 04`E,Russia
Bratsk,56 d 07`N,101 d 36`E,Russia
Nizhny Novgorod,56 d 20`N,44 d 00`E,Russia
Izhevsk,56 d 50`N,53 d 11`E,Russia
Yekaterinburg,56 d 50`N,60 d 35`E,Russia
Yaroslavl,57 d 37`N,39 d 51`E,Russia
Perm,58 d 00`N,56 d 19`E,Russia
Magadan,59 d 34`N,150 d 48`E,Russia
Saint Petersburg,59 d 57`N,30 d 18`E,Russia
Yakutsk,62 d 02`N,129 d 44`E,Russia
Arkhangelsk,64 d 32`N,40 d 32`E,Russia
Anadyr,64 d 44`N,177 d 31`E,Russia
Verkhoyansk,67 d 33`N,133 d 23`E,Russia
Murmansk,68 d 58`N,33 d 05`E,Russia
Norilsk,69 d 20`N,88 d 13`E,Russia
Kigali,1 d 57`S,30 d 04`E,Rwanda
Basseterre,17 d 18`N,62 d 44`W,Saint Kitts and Nevis
Castries,14 d 01`N,60 d 59`W,Saint Lucia
Kingstown,13 d 09`N,61 d 14`W,Saint Vincent and the Grenadines
Apia,13 d 50`S,171 d 45`W,Samoa
San Marino,43 d 56`N,12 d 27`E,San Marino
São Tomé,0 d 20`N,6 d 41`E,São Tomé and Príncipe
Mecca,21 d 25`N,39 d 49`E,Saudi Arabia
Jeddah,21 d 33`N,39 d 10`E,Saudi Arabia
Medina,24 d 28`N,39 d 36`E,Saudi Arabia
Riyadh,24 d 38`N,46 d 43`E,Saudi Arabia
Dammam,26 d 17`N,50 d 12`E,Saudi Arabia
Dakar,14 d 42`N,17 d 27`W,Senegal
Thiès,14 d 47`N,16 d 55`W,Senegal
Pristina,42 d 40`N,21 d 10`E,Serbia
Belgrade,44 d 49`N,20 d 28`E,Serbia
Novi Sad,45 d 15`N,19 d 51`E,Serbia
Victoria,4 d 37`S,55 d 27`E,Seychelles
Freetown,8 d 29`N,13 d 14`W,Sierra Leone
Singapore,1 d 17`N,103 d 50`E,Singapore
Bratislava,48 d 09`N,17 d 07`E,Slovakia
Ljubljana,46 d 03`N,14 d 31`E,Slovenia
Honiara,9 d 28`S,159 d 49`E,Solomon Islands
Kismayo,0 d 21`S,42 d 33`E,Somalia
Mogadishu,2 d 02`N,45 d 21`E,Somalia
Hargeisa,9 d 34`N,44 d 04`E,Somalia
Polokwane,23 d 54`S,29 d 27`E,South Africa
Nelspruit,25 d 28`S,30 d 59`E,South Africa
Pretoria,25 d 45`S,28 d 11`E,South Africa
Mafikeng,25 d 51`S,25 d 38`E,South Africa
Johannesburg,26 d 12`S,28 d 03`E,South Africa
Kimberley,28 d 45`S,24 d 46`E,South Africa
Bloemfontein,29 d 07`S,26 d 13`E,South Africa
Pietermaritzburg,29 d 37`S,30 d 23`E,South Africa
Durban,29 d 53`S,31 d 03`E,South Africa
Bhisho,32 d 51`S,27 d 26`E,South Africa
Cape Town,33 d 56`S,18 d 25`E,South Africa
Port Elizabeth,33 d 57`S,25 d 36`E,South Africa
Busan,35 d 11`N,129 d 05`E,South Korea
Daegu,35 d 52`N,128 d 36`E,South Korea
Incheon,37 d 29`N,126 d 38`E,South Korea
Seoul,37 d 34`N,126 d 59`E,South Korea
Juba,4 d 51`N,31 d 36`E,South Sudan
Las Palmas de Gran Canaria,28 d 09`N,15 d 25`W,Spain
Santa Cruz de Tenerife,28 d 28`N,16 d 15`W,Spain
Málaga,36 d 43`N,4 d 25`W,Spain
Sevilla,37 d 23`N,5 d 59`W,Spain
Ibiza,38 d 59`N,1 d 26`E,Spain
Valencia,39 d 28`N,0 d 23`W,Spain
Palma,39 d 34`N,2 d 39`E,Spain
Madrid,40 d 23`N,3 d 43`W,Spain
Barcelona,41 d 23`N,2 d 11`E,Spain
Lleida,41 d 37`N,0 d 38`E,Spain
Zaragoza,41 d 39`N,0 d 53`W,Spain
Bilbao,43 d 15`N,2 d 55`W,Spain
Sri Jayawardenapura-Kotte,6 d 55`N,79 d 53`E,Sri Lanka
Colombo,6 d 56`N,79 d 51`E,Sri Lanka
Kandy,7 d 18`N,80 d 38`E,Sri Lanka
Batticaloa,7 d 43`N,81 d 42`E,Sri Lanka
Khartoum,15 d 38`N,32 d 32`E,Sudan
Omdurman,15 d 39`N,32 d 29`E,Sudan
Paramaribo,5 d 52`N,55 d 10`W,Suriname
Mbabane,26 d 19`S,31 d 08`E,Swaziland
Lobamba,26 d 25`S,31 d 10`E,Swaziland
Manzini,26 d 29`S,31 d 22`E,Swaziland
Malmö,55 d 35`N,13 d 02`E,Sweden
Gothenburg,57 d 42`N,11 d 58`E,Sweden
Norrköping,58 d 36`N,16 d 12`E,Sweden
Stockholm,59 d 20`N,18 d 04`E,Sweden
Uppsala,59 d 51`N,17 d 39`E,Sweden
Sundsvall,62 d 24`N,17 d 19`E,Sweden
Östersund,63 d 11`N,14 d 40`E,Sweden
Örnsköldsvik,63 d 17`N,18 d 44`E,Sweden
Umeå,63 d 50`N,20 d 16`E,Sweden
Skellefteå,64 d 45`N,20 d 57`E,Sweden
Piteå,65 d 20`N,21 d 30`E,Sweden
Luleå,65 d 35`N,22 d 09`E,Sweden
Boden,65 d 50`N,21 d 43`E,Sweden
Haparanda,65 d 50`N,24 d 08`E,Sweden
Kiruna,67 d 51`N,20 d 13`E,Sweden
Geneva,46 d 12`N,6 d 09`E,Switzerland
Lausanne,46 d 31`N,6 d 38`E,Switzerland
Bern,46 d 57`N,7 d 27`E,Switzerland
Zürich,47 d 22`N,8 d 33`E,Switzerland
Basel,47 d 34`N,7 d 36`E,Switzerland
Damascus,33 d 31`N,36 d 18`E,Syria
Latakia,35 d 31`N,35 d 47`E,Syria
Dushanbe,38 d 32`N,68 d 47`E,Tajikistan
Mwanza,2 d 31`S,32 d 54`E,Tanzania
Dodoma,6 d 10`S,35 d 45`E,Tanzania
Zanzibar City,6 d 10`S,39 d 12`E,Tanzania
Dar es Salaam,6 d 48`S,39 d 17`E,Tanzania
Pattaya,12 d 56`N,100 d 53`E,Thailand
Bangkok,13 d 45`N,100 d 28`E,Thailand
Phra Nakhon Si Ayutthaya,14 d 21`N,100 d 34`E,Thailand
Nakhon Ratchasima,14 d 59`N,102 d 06`E,Thailand
Khon Kaen,16 d 26`N,102 d 50`E,Thailand
Udon Thani,17 d 25`N,102 d 45`E,Thailand
Chiang Mai,18 d 48`N,99 d 00`E,Thailand
Chiang Rai,19 d 55`N,99 d 50`E,Thailand
Hat Yai,7 d 01`N,100 d 28`E,Thailand
Phuket,7 d 53`N,98 d 24`E,Thailand
Surat Thani,9 d 08`N,99 d 20`E,Thailand
Dili,8 d 33`S,125 d 35`E,Timor-Leste
Lomé,6 d 08`N,1 d 13`E,Togo
Nukuʻalofa,21 d 08`S,175 d 12`W,Tonga
San Fernando,10 d 17`N,61 d 28`W,Trinidad and Tobago
Chaguanas,10 d 30`N,61 d 23`W,Trinidad and Tobago
Port of Spain,10 d 40`N,61 d 31`W,Trinidad and Tobago
Sfax,34 d 44`N,10 d 46`E,Tunisia
Tunis,36 d 48`N,10 d 11`E,Tunisia
Mersin,36 d 48`N,34 d 38`E,Turkey
Adana,37 d 00`N,35 d 19`E,Turkey
Gaziantep,37 d 04`N,37 d 23`E,Turkey
Konya,37 d 52`N,32 d 29`E,Turkey
İzmir,38 d 26`N,27 d 09`E,Turkey
Eskisehir,39 d 47`N,30 d 31`E,Turkey
Ankara,39 d 56`N,32 d 52`E,Turkey
Bursa,40 d 11`N,29 d 03`E,Turkey
Istanbul,41 d 01`N,28 d 57`E,Turkey
Ashgabat,37 d 56`N,58 d 22`E,Turkmenistan
Funafuti,8 d 31`S,179 d 13`E,Tuvalu
Nukulaelae,9 d 23`S,179 d 51`E,Tuvalu
Entebbe,0 d 03`N,32 d 28`E,Uganda
Kampala,0 d 19`N,32 d 35`E,Uganda
Odessa,46 d 28`N,30 d 44`E,Ukraine
Lviv,49 d 51`N,24 d 01`E,Ukraine
Kharkiv,50 d 00`N,36 d 14`E,Ukraine
Kiev,50 d 27`N,30 d 31`E,Ukraine
Abu Dhabi,24 d 28`N,54 d 22`E,United Arab Emirates
Dubai,25 d 15`N,55 d 18`E,United Arab Emirates
Jamestown,15 d 55`S,5 d 43`W,United Kingdom
The Valley,18 d 13`N,63 d 03`W,United Kingdom
Road Town,18 d 26`N,64 d 37`W,United Kingdom
George Town,19 d 18`N,81 d 23`W,United Kingdom
Cockburn Town,21 d 28`N,71 d 08`W,United Kingdom
Adamstown,25 d 04`S,130 d 06`W,United Kingdom
Hamilton,32 d 18`N,64 d 47`W,United Kingdom
Gibraltar,36 d 08`N,5 d 21`W,United Kingdom
Plymouth,50 d 22`N,4 d 09`W,United Kingdom
Exeter,50 d 43`N,3 d 32`W,United Kingdom
Portsmouth,50 d 49`N,1 d 05`W,United Kingdom
Brighton and Hove,50 d 50`N,0 d 09`W,United Kingdom
Southampton,50 d 54`N,1 d 24`W,United Kingdom
Bath,51 d 23`N,2 d 22`W,United Kingdom
Bristol,51 d 27`N,2 d 35`W,United Kingdom
Cardiff,51 d 29`N,3 d 11`W,United Kingdom
Greenwich,51 d 29`N,0 d 00`E/W,United Kingdom
London,51 d 30`N,0 d 08`W,United Kingdom
Swansea,51 d 37`N,3 d 57`W,United Kingdom
Stanley,51 d 42`S,57 d 52`W,United Kingdom
Oxford,51 d 45`N,1 d 15`W,United Kingdom
Gloucester,51 d 52`N,2 d 14`W,United Kingdom
Cambridge,52 d 12`N,0 d 07`E,United Kingdom
Coventry,52 d 24`N,1 d 31`W,United Kingdom
Birmingham,52 d 29`N,1 d 54`W,United Kingdom
Peterborough,52 d 35`N,0 d 15`W,United Kingdom
Leicester,52 d 38`N,1 d 08`W,United Kingdom
Norwich,52 d 38`N,1 d 18`E,United Kingdom
Nottingham,52 d 57`N,1 d 08`W,United Kingdom
Sheffield,53 d 23`N,1 d 28`W,United Kingdom
Liverpool,53 d 24`N,2 d 59`W,United Kingdom
Manchester,53 d 28`N,2 d 14`W,United Kingdom
Bradford,53 d 48`N,1 d 45`W,United Kingdom
Leeds,53 d 48`N,1 d 33`W,United Kingdom
Douglas,54 d 09`N,4 d 29`W,United Kingdom
Grytviken,54 d 17`S,36 d 30`W,United Kingdom
Belfast,54 d 36`N,5 d 56`W,United Kingdom
Newcastle upon Tyne,54 d 58`N,1 d 37`W,United Kingdom
Glasgow,55 d 51`N,4 d 16`W,United Kingdom
Edinburgh,55 d 57`N,3 d 11`W,United Kingdom
Dundee,56 d 28`N,2 d 58`W,United Kingdom
Aberdeen,57 d 09`N,2 d 07`W,United Kingdom
Inverness,57 d 28`N,4 d 14`W,United Kingdom
Hagåtña,13 d 29`N,144 d 45`E,United States
Dededo,13 d 31`N,144 d 50`E,United States
Pago Pago,14 d 17`S,170 d 42`W,United States
Saipan,15 d 11`N,145 d 45`E,United States
Charlotte Amalie,18 d 21`N,64 d 57`W,United States
San Juan,18 d 27`N,66 d 04`W,United States
Hilo,19 d 42`N,155 d 05`W,United States
Honolulu,21 d 19`N,157 d 50`W,United States
Key West,24 d 34`N,81 d 47`W,United States
Miami,25 d 47`N,80 d 13`W,United States
Tampa,27 d 57`N,82 d 28`W,United States
Orlando,28 d 25`N,81 d 18`W,United States
San Antonio,29 d 25`N,98 d 30`W,United States
Houston,29 d 46`N,95 d 23`W,United States
New Orleans,29 d 58`N,90 d 03`W,United States
Austin,30 d 15`N,97 d 45`W,United States
Jacksonville,30 d 20`N,81 d 40`W,United States
Mobile,30 d 42`N,88 d 03`W,United States
El Paso,31 d 47`N,106 d 25`W,United States
Tucson,32 d 13`N,110 d 56`W,United States
Jackson,32 d 18`N,90 d 11`W,United States
San Diego,32 d 43`N,117 d 10`W,United States
Dallas,32 d 47`N,96 d 48`W,United States
Phoenix,33 d 27`N,112 d 04`W,United States
Birmingham,33 d 39`N,86 d 49`W,United States
Atlanta,33 d 45`N,84 d 23`W,United States
Riverside,33 d 57`N,117 d 24`W,United States
Columbia,34 d 00`N,81 d 03`W,United States
Los Angeles,34 d 03`N,118 d 15`W,United States
Wilmington,34 d 13`N,77 d 55`W,United States
Santa Barbara,34 d 26`N,119 d 43`W,United States
Little Rock,34 d 44`N,92 d 20`W,United States
Albuquerque,35 d 07`N,106 d 37`W,United States
Memphis,35 d 07`N,89 d 58`W,United States
Charlotte,35 d 14`N,80 d 51`W,United States
Oklahoma City,35 d 29`N,97 d 32`W,United States
Santa Fe,35 d 40`N,105 d 58`W,United States
Raleigh,35 d 49`N,78 d 39`W,United States
Los Alamos,35 d 53`N,106 d 18`W,United States
Knoxville,35 d 58`N,83 d 57`W,United States
Tulsa,36 d 08`N,95 d 56`W,United States
Nashville,36 d 10`N,86 d 47`W,United States
Las Vegas,36 d 11`N,115 d 08`W,United States
Virginia Beach,36 d 51`N,75 d 59`W,United States
Springfield,37 d 12`N,93 d 17`W,United States
Wichita,37 d 41`N,97 d 20`W,United States
San Francisco,37 d 47`N,122 d 25`W,United States
Louisville,38 d 15`N,85 d 46`W,United States
Charleston,38 d 21`N,81 d 38`W,United States
Sacramento,38 d 33`N,121 d 28`W,United States
St. Louis,38 d 38`N,90 d 12`W,United States
Washington,38 d 54`N,77 d 02`W,United States
Cincinnati,39 d 06`N,84 d 31`W,United States
Kansas City,39 d 06`N,94 d 35`W,United States
Dover,39 d 10`N,75 d 32`W,United States
Baltimore,39 d 17`N,76 d 37`W,United States
Reno,39 d 32`N,119 d 49`W,United States
Denver,39 d 44`N,104 d 59`W,United States
Indianapolis,39 d 46`N,86 d 09`W,United States
Forked River,39 d 48`N,74 d 06`W,United States
Philadelphia,39 d 57`N,75 d 10`W,United States
Columbus,39 d 59`N,82 d 59`W,United States
Boulder,40 d 01`N,105 d 17`W,United States
Trenton,40 d 13`N,74 d 46`W,United States
Pittsburgh,40 d 27`N,80 d 00`W,United States
New York City,40 d 40`N,73 d 56`W,United States
Jersey City,40 d 43`N,74 d 04`W,United States
Salt Lake City,40 d 45`N,111 d 53`W,United States
Lincoln,40 d 49`N,96 d 41`W,United States
Fort Wayne,41 d 05`N,85 d 08`W,United States
Cheyenne,41 d 09`N,104 d 48`W,United States
Cleveland,41 d 29`N,81 d 40`W,United States
Des Moines,41 d 35`N,93 d 37`W,United States
Hartford,41 d 46`N,72 d 40`W,United States
Providence,41 d 49`N,71 d 25`W,United States
Chicago,41 d 53`N,87 d 38`W,United States
Detroit,42 d 20`N,83 d 03`W,United States
Boston,42 d 21`N,71 d 04`W,United States
Buffalo,42 d 54`N,78 d 51`W,United States
Milwaukee,43 d 03`N,87 d 57`W,United States
Rochester,43 d 10`N,77 d 37`W,United States
Concord,43 d 12`N,71 d 32`W,United States
Boise,43 d 37`N,116 d 12`W,United States
Montpelier,44 d 15`N,72 d 34`W,United States
Augusta,44 d 19`N,69 d 47`W,United States
Pierre,44 d 22`N,100 d 20`W,United States
Minneapolis,44 d 59`N,93 d 16`W,United States
Portland,45 d 31`N,122 d 41`W,United States
Helena,46 d 36`N,112 d 02`W,United States
Bismarck,46 d 49`N,100 d 47`W,United States
Seattle,47 d 37`N,122 d 20`W,United States
Adak,51 d 53`N,176 d 39`W,United States
Sitka,57 d 03`N,135 d 20`W,United States
Juneau,58 d 18`N,134 d 25`W,United States
Anchorage,61 d 13`N,149 d 54`W,United States
Fairbanks,64 d 51`N,147 d 43`W,United States
Deadhorse,70 d 12`N,148 d 31`W,United States
Barrow,71 d 18`N,156 d 46`W,United States
Montevideo,34 d 53`S,56 d 11`W,Uruguay
Namangan,41 d 00`N,71 d 40`E,Uzbekistan
Tashkent,41 d 16`N,69 d 13`E,Uzbekistan
Nukus,42 d 28`N,59 d 36`E,Uzbekistan
Port Vila,17 d 45`S,168 d 18`E,Vanuatu
Vatican City,41 d 54`N,12 d 27`E,Vatican City
Maracay,10 d 15`N,67 d 36`W,Venezuela
Caracas,10 d 30`N,66 d 55`W,Venezuela
Maracaibo,10 d 39`N,71 d 38`W,Venezuela
Puerto Ayacucho,5 d 40`N,67 d 38`W,Venezuela
Ciudad Bolívar,8 d 07`N,63 d 33`W,Venezuela
Ho Chi Minh City,10 d 46`N,106 d 41`E,Vietnam
Da Nang,16 d 04`N,108 d 14`E,Vietnam
Huế,16 d 28`N,107 d 35`E,Vietnam
Hai Phong,20 d 51`N,106 d 41`E,Vietnam
Hanoi,21 d 02`N,105 d 51`E,Vietnam
Sana'a,15 d 21`N,44 d 12`E,Yemen
Ndola,12 d 58`S,28 d 38`E,Zambia
Lusaka,15 d 25`S,28 d 17`E,Zambia
Livingstone,17 d 51`S,25 d 52`E,Zambia
Harare,17 d 52`S,31 d 02`E,Zimbabwe
Mutare,18 d 58`S,32 d 38`E,Zimbabwe
Gweru,19 d 27`S,29 d 48`E,Zimbabwe
Bulawayo,20 d 10`S,28 d 35`E,Zimbabwe